{
  "input_video": "20260309_215857.mp4",
  "fps": 29.998263989352466,
  "width": 1080,
  "height": 1920,
  "n_frames_actual": 284,
  "duration_sec": 9.46721450617284,
  "crop_x_px": 49,
  "crop_y_px": 38,
  "crop_ratio_x": 0.04537037037037037,
  "crop_ratio_y": 0.019791666666666666,
  "tracked_mean": 218.3957597173145,
  "tracked_median": 220.0,
  "inlier_ratio_mean": 0.9136932319123874,
  "inlier_ratio_median": 0.9490740740740741,
  "step_std_original": {
    "x": 3.9446544647216797,
    "y": 4.074792385101318,
    "theta": 0.005607066210359335
  },
  "step_std_smoothed": {
    "x": 2.7860491275787354,
    "y": 2.362149477005005,
    "theta": 0.0037834313698112965
  },
  "acc_std_original": {
    "x": 1.3893879652023315,
    "y": 1.681424617767334,
    "theta": 0.00246424856595695
  },
  "acc_std_smoothed": {
    "x": 0.3038959205150604,
    "y": 0.33728474378585815,
    "theta": 0.00036813801852986217
  },
  "acc_reduction_percent": {
    "x": 78.12735332921895,
    "y": 79.94053731449948,
    "theta": 85.0608407116227
  }
}