{"fps": 29.998263989352466, "width": 1080, "height": 1920, "n_frames": 288, "crop_x": 49, "crop_y": 38, "params": {"scale": 0.25, "max_corners": 220, "quality_level": 0.01, "min_distance": 10, "block_size": 3, "lk_win": [15, 15], "lk_levels": 2, "ransac_thresh": 2.5, "smooth_radius": 10}, "tracked_mean": 218.3957597173145, "tracked_median": 220.0, "inlier_mean": 0.9136932319123874, "reproj_mean": 7.653049468994141, "actual_frames": 284}